frame,time_s,x_px,y_px,path_mm,velocity_mm_s,accel_mm_s2
0,0.0000,477,267,0.000,0.000,0.000
1,0.0400,479,270,3.606,90.139,2253.470
2,0.0800,484,273,9.437,145.774,1390.875
3,0.1200,484,274,10.437,25.000,-3019.345
4,0.1600,484,276,12.437,50.000,625.000
5,0.2000,482,278,15.265,76.325,381.623
6,0.2400,482,281,18.265,73.297,-84.209
7,0.2800,481,283,20.501,55.322,-452.257
8,0.3200,481,284,21.501,55.322,151.612
9,0.3600,481,283,22.501,50.322,1.612
10,0.4000,480,280,25.663,51.992,-121.665
11,0.4400,480,275,30.663,61.992,-56.526
12,0.4800,480,272,33.663,65.811,52.445
13,0.5200,480,272,33.663,60.811,27.445
14,0.5600,483,273,36.826,71.623,106.502
15,0.6000,483,273,36.826,55.811,19.098
16,0.6400,483,275,38.826,40.811,-105.902
17,0.6800,484,276,40.240,32.882,-164.645
18,0.7200,483,276,41.240,37.882,-114.645
19,0.7600,482,277,42.654,29.142,-212.403
20,0.8000,481,277,43.654,34.142,-108.346
21,0.8400,482,277,44.654,29.142,-58.346
22,0.8800,481,278,46.068,29.142,-18.702
23,0.9200,482,279,47.482,31.213,-33.346
24,0.9600,481,279,48.482,29.142,0.000
25,1.0000,482,279,49.482,29.142,-25.000
26,1.0400,483,278,50.897,31.213,10.355
27,1.0800,484,278,51.897,29.142,0.000
28,1.1200,486,278,53.897,32.071,4.289
29,1.1600,487,277,55.311,34.142,25.000
30,1.2000,489,277,57.311,39.142,50.000
31,1.2400,489,277,57.311,32.071,4.289
32,1.2800,488,277,58.311,32.071,14.645
33,1.3200,488,276,59.311,27.071,-25.000
34,1.3600,488,275,60.311,25.000,-45.711
35,1.4000,488,274,61.311,20.000,-95.711
36,1.4400,487,273,62.725,27.071,-25.000
37,1.4800,487,272,63.725,27.071,-25.000
38,1.5200,488,270,65.961,33.251,30.902
39,1.5600,488,269,66.961,33.251,41.257
40,1.6000,489,269,67.961,33.251,66.257
41,1.6400,489,269,67.961,26.180,-4.454
42,1.6800,489,270,68.961,26.180,-4.454
43,1.7200,488,269,70.375,22.071,-55.902
44,1.7600,488,270,71.375,22.071,-55.902
45,1.8000,487,270,72.375,22.071,-55.902
46,1.8400,487,271,73.375,27.071,4.454
47,1.8800,487,271,73.375,22.071,-20.546
48,1.9200,485,272,75.611,26.180,20.546
49,1.9600,486,271,77.026,28.251,30.902
50,2.0000,487,271,78.026,28.251,30.902
51,2.0400,488,271,79.026,28.251,5.902
52,2.0800,488,269,81.026,38.251,80.902
53,2.1200,488,266,84.026,42.071,79.454
54,2.1600,490,262,88.498,57.361,145.546
55,2.2000,490,261,89.498,57.361,145.546
56,2.2400,493,258,93.740,73.574,226.612
57,2.2800,493,255,96.740,78.574,201.612
58,2.3200,493,253,98.740,73.574,157.514
59,2.3600,493,253,98.740,51.213,-30.737
60,2.4000,495,253,100.740,56.213,-5.737
61,2.4400,495,253,100.740,35.000,-192.869
62,2.4800,496,255,102.976,31.180,-236.968
63,2.5200,498,255,104.976,31.180,-211.968
64,2.5600,498,254,105.976,36.180,-75.164
65,2.6000,498,255,106.976,31.180,-125.164
66,2.6400,497,254,108.391,38.251,16.257
67,2.6800,497,255,109.391,32.071,4.454
68,2.7200,498,256,110.805,29.142,-10.191
69,2.7600,497,256,111.805,29.142,-35.191
70,2.8000,496,257,113.219,31.213,0.164
71,2.8400,495,259,115.455,35.322,-14.645
72,2.8800,493,261,118.284,44.465,61.968
73,2.9200,491,262,120.520,48.574,97.159
74,2.9600,490,262,121.520,48.574,97.159
75,3.0000,490,263,122.520,46.503,76.448
76,3.0400,490,262,123.520,40.322,25.000
77,3.0800,489,262,124.520,31.180,-66.421
78,3.1200,491,261,126.756,31.180,-86.968
79,3.1600,491,261,126.756,26.180,-111.968
80,3.2000,492,260,128.170,28.251,-91.257
81,3.2400,494,258,130.998,37.394,-14.645
82,3.2800,495,256,133.234,43.574,61.968
83,3.3200,496,256,134.234,37.394,31.066
84,3.3600,496,255,135.234,42.394,81.066
85,3.4000,495,257,137.471,46.503,91.257
86,3.4400,494,258,138.885,39.432,10.191
87,3.4800,492,258,140.885,38.251,-26.612
88,3.5200,494,261,144.490,51.279,69.428
89,3.5600,495,263,146.726,57.460,75.330
90,3.6000,495,262,147.726,51.279,23.882
91,3.6400,495,265,150.726,59.208,98.882
92,3.6800,494,268,153.889,65.019,133.840
93,3.7200,493,270,156.125,58.172,34.465
94,3.7600,493,274,160.125,66.992,47.661
95,3.8000,493,276,162.125,71.992,103.563
96,3.8400,497,276,166.125,76.992,88.918
97,3.8800,498,276,167.125,66.180,5.804
98,3.9200,500,275,169.361,66.180,40.041
99,3.9600,502,275,171.361,56.180,-54.057
100,4.0000,502,276,172.361,51.180,-104.057
101,4.0400,504,276,174.361,41.180,-179.057
102,4.0800,505,277,175.775,43.251,-114.645
103,4.1200,504,279,178.011,43.251,-114.645
104,4.1600,504,277,180.011,43.251,-64.645
105,4.2000,503,271,186.094,68.665,87.424
106,4.2400,501,265,192.418,90.288,245.538
107,4.2800,500,261,196.541,103.832,302.905
108,4.3200,507,275,212.194,170.914,638.315
109,4.3600,513,295,233.075,265.318,1110.331
110,4.4000,517,321,259.380,366.433,1488.840
111,4.4400,513,323,263.853,357.171,1334.416
112,4.4800,511,352,292.921,481.900,1890.338
113,4.5200,517,369,310.949,493.776,1614.310
114,4.5600,525,383,327.074,469.996,1023.392
115,4.6000,526,398,342.107,413.633,235.999
116,4.6400,527,399,343.521,398.343,205.861
117,4.6800,529,397,346.350,267.141,-1073.795
118,4.7200,529,398,347.350,182.002,-1558.871
119,4.7600,525,393,353.753,133.395,-1683.003
120,4.8000,525,391,355.753,68.229,-1727.021
121,4.8400,525,391,355.753,61.158,-1685.928
122,4.8800,525,390,356.753,52.016,-1075.627
123,4.9200,525,390,356.753,47.016,-674.933
124,4.9600,526,393,359.915,30.811,-512.920
125,5.0000,526,393,359.915,20.811,-237.087
126,5.0400,528,396,363.521,38.839,-111.593
127,5.0800,528,398,365.521,43.839,-40.882
128,5.1200,527,400,367.757,55.019,40.019
129,5.1600,525,401,369.993,50.388,97.885
130,5.2000,524,402,371.407,57.460,183.241
131,5.2400,524,404,373.407,49.432,52.963
132,5.2800,523,404,374.407,44.432,2.963
133,5.3200,522,403,375.821,40.322,-73.485
134,5.3600,522,397,381.821,59.142,43.768
135,5.4000,523,394,384.983,67.882,52.115
136,5.4400,523,390,388.983,77.882,142.254
137,5.4800,524,390,389.983,77.882,167.254
138,5.5200,525,389,391.398,77.882,187.800
139,5.5600,525,388,392.398,52.882,-31.298
140,5.6000,527,386,395.226,51.213,-83.346
141,5.6400,529,379,402.506,67.614,-51.344
142,5.6800,532,371,411.050,105.334,137.257
143,5.7200,521,310,473.034,408.182,1651.498
144,5.7600,520,293,490.063,488.329,2177.233
145,5.8000,514,279,505.295,550.345,2495.657
146,5.8400,504,266,521.696,595.950,2641.682
147,5.8800,498,253,536.014,624.819,2597.427
148,5.9200,494,244,545.863,364.144,-220.189
149,5.9600,493,241,549.025,294.809,-967.602
150,6.0000,493,236,554.025,243.651,-1533.468
151,6.0400,493,232,558.025,181.645,-2071.527
152,6.0800,492,225,565.096,145.411,-2397.041
153,6.1200,492,222,568.096,111.167,-1264.887
154,6.1600,493,218,572.219,115.971,-894.189
155,6.2000,493,211,579.219,125.971,-588.400
156,6.2400,492,208,582.382,121.782,-299.313
157,6.2800,493,205,585.544,102.238,-215.864
158,6.3200,495,209,590.016,109.599,-7.839
159,6.3600,499,221,602.665,152.229,181.291
160,6.4000,503,235,617.225,190.030,320.296
161,6.4400,505,253,635.336,264.773,714.952
162,6.4800,506,270,652.366,334.108,1159.349
163,6.5200,506,280,662.366,361.747,1260.742
164,6.5600,506,287,669.366,333.502,906.364
165,6.6000,502,285,673.838,283.061,465.157
166,6.6400,497,282,679.669,221.662,-215.551
167,6.6800,492,277,686.740,171.871,-811.187
168,6.7200,491,273,690.863,142.486,-1096.306
169,6.7600,493,270,694.468,125.514,-1039.939
170,6.8000,495,266,698.940,125.514,-787.737
171,6.8400,494,263,702.103,112.171,-547.458
172,6.8800,492,261,704.931,90.957,-404.566
173,6.9200,485,260,712.002,105.697,-183.945
174,6.9600,476,261,721.058,132.946,37.162
175,7.0000,470,264,727.766,144.127,93.064
176,7.0400,467,266,731.371,146.343,170.862
177,7.0800,471,270,737.028,160.485,347.639
178,7.1200,470,270,738.028,130.130,122.163
179,7.1600,466,263,746.091,125.164,-38.911
180,7.2000,461,251,759.091,156.623,62.483
181,7.2400,456,244,767.693,181.607,176.320
182,7.2800,453,236,776.237,196.043,177.788
183,7.3200,454,233,779.399,206.854,383.622
184,7.3600,450,224,789.248,215.787,453.115
185,7.4000,450,221,792.248,165.787,45.820
186,7.4400,452,219,795.076,136.918,-223.447
187,7.4800,456,217,799.549,116.558,-397.422
188,7.5200,462,218,805.631,131.161,-378.467
189,7.5600,464,217,807.867,93.097,-613.452
190,7.6000,464,218,808.867,83.097,-413.452
191,7.6400,463,217,810.282,76.026,-304.460
192,7.6800,463,215,812.282,63.665,-264.466
193,7.7200,466,211,817.282,58.251,-364.548
194,7.7600,466,208,820.282,62.071,-155.130
195,7.8000,467,209,821.696,64.142,-94.774
196,7.8400,472,215,829.506,96.122,100.482
197,7.8800,478,229,844.738,162.280,493.074
198,7.9200,481,248,863.973,233.457,876.028
199,7.9600,489,268,885.514,326.160,1320.446
200,8.0000,487,287,904.619,414.614,1752.360
201,8.0400,481,293,913.104,417.989,1609.335
202,8.0800,480,299,919.187,372.245,1049.826
203,8.1200,477,294,925.018,305.223,358.831
204,8.1600,475,283,936.198,253.422,-363.694
205,8.2000,472,278,942.029,187.051,-1137.813
206,8.2400,471,274,946.152,165.241,-1263.743
207,8.2800,468,272,949.758,152.855,-1096.954
208,8.3200,465,272,952.758,138.700,-832.617
209,8.3600,461,272,956.758,102.798,-753.118
210,8.4000,460,272,957.758,78.643,-542.041
211,8.4400,459,270,959.994,69.208,-480.162
212,8.4800,460,267,963.156,66.992,-429.314
213,8.5200,461,264,966.318,67.803,-354.483
214,8.5600,458,263,969.480,63.615,-195.918
215,8.6000,454,261,973.953,80.975,11.660
216,8.6400,450,263,978.425,92.156,114.737
217,8.6800,448,265,981.253,90.486,117.473
218,8.7200,449,263,983.489,85.855,90.261
219,8.7600,451,260,987.095,88.072,122.285
220,8.8000,450,254,993.178,96.125,75.748
221,8.8400,445,247,1001.780,116.776,123.101
222,8.8800,438,241,1010.999,148.731,291.225
223,8.9200,432,233,1020.999,187.551,508.478
224,8.9600,427,228,1028.070,204.879,584.035
225,9.0000,424,223,1033.901,203.619,537.474
226,9.0400,420,223,1037.901,180.608,319.161
227,9.0800,419,223,1038.901,139.510,-46.106
228,9.1200,419,222,1039.901,94.510,-465.204
229,9.1600,423,223,1044.025,79.770,-625.541
230,9.2000,425,222,1046.261,61.796,-709.118
231,9.2400,428,220,1049.866,59.824,-603.921
232,9.2800,429,213,1056.937,90.179,-246.656
233,9.3200,428,228,1071.971,160.345,329.177
234,9.3600,438,244,1090.838,234.070,771.497
235,9.4000,451,268,1118.133,359.363,1487.835
236,9.4400,466,293,1147.288,487.109,2136.426
237,9.4800,466,296,1150.288,466.754,1882.873
238,9.5200,477,312,1169.704,488.669,1641.620
239,9.5600,479,334,1191.795,504.783,1353.568
240,9.6000,473,335,1197.878,398.724,196.804
241,9.6400,471,332,1201.483,270.978,-1080.656
242,9.6800,466,328,1207.887,287.993,-893.801
243,9.7200,465,326,1210.123,202.091,-1432.892
244,9.7600,466,324,1212.359,102.818,-2009.827
245,9.8000,467,324,1213.359,77.404,-1606.598
246,9.8400,465,323,1215.595,70.557,-1002.105
247,9.8800,464,319,1219.718,59.157,-1144.183
248,9.9200,466,319,1221.718,57.976,-720.575
249,9.9600,462,314,1228.121,78.811,-120.032
250,10.0000,461,308,1234.204,104.225,134.106
251,10.0400,457,302,1241.415,129.100,292.719
252,10.0800,456,301,1242.829,115.556,281.997
253,10.1200,456,300,1243.829,110.556,262.899
254,10.1600,457,298,1246.065,89.721,54.546
255,10.2000,455,289,1255.285,105.405,5.897
256,10.2400,451,279,1266.055,123.201,-29.498
257,10.2800,447,264,1281.579,193.751,390.973
258,10.3200,447,264,1281.579,188.751,390.973
259,10.3600,442,247,1299.299,266.170,882.249
260,10.4000,436,231,1316.387,305.513,1000.541
261,10.4400,433,219,1328.757,313.508,951.535
262,10.4800,430,209,1339.197,288.088,471.689
263,10.5200,420,196,1355.598,370.094,906.719
264,10.5600,415,192,1362.001,313.510,236.697
265,10.6000,412,188,1367.001,253.070,-262.215
266,10.6400,412,185,1370.001,206.223,-536.422
267,10.6800,411,182,1373.164,169.833,-591.276
268,10.7200,409,180,1375.992,101.969,-1340.627
269,10.7600,409,179,1376.992,74.954,-1192.782
270,10.8000,409,180,1377.992,54.954,-990.582
271,10.8400,412,181,1381.154,55.765,-752.292
272,10.8800,416,184,1386.154,64.954,-524.398
273,10.9200,429,199,1406.004,150.059,240.447
274,10.9600,446,219,1432.252,276.303,1006.745
275,11.0000,461,255,1471.252,466.303,2056.745
276,11.0400,478,286,1506.608,627.268,2857.515
277,11.0800,484,308,1529.411,716.285,3256.660
278,11.1200,481,318,1539.852,669.240,2595.906
279,11.1600,479,318,1541.852,547.996,1358.466
280,11.2000,479,322,1545.852,372.996,-466.534
281,11.2400,476,323,1549.014,212.030,-2076.187
282,11.2800,471,323,1554.014,123.013,-2966.363
283,11.3200,468,321,1557.619,88.839,-2902.003
284,11.3600,467,321,1558.619,83.839,-2320.783
285,11.4000,464,321,1561.619,78.839,-1470.783
286,11.4400,464,319,1563.619,73.028,-695.014
287,11.4800,463,314,1568.718,73.523,-247.450
288,11.5200,460,310,1573.718,80.495,-41.720
289,11.5600,458,305,1579.104,102.421,92.909
290,11.6000,458,306,1580.104,92.421,67.909
291,11.6400,457,302,1584.227,103.036,150.043
292,11.6800,455,301,1586.463,88.722,75.994
293,11.7200,459,296,1592.866,95.737,76.211
294,11.7600,461,288,1601.112,110.043,38.108
295,11.8000,462,277,1612.157,160.269,339.242
296,11.8400,463,262,1627.191,214.820,558.919
297,11.8800,462,246,1643.222,283.796,975.372
298,11.9200,458,230,1659.714,334.243,1192.526
299,11.9600,456,206,1683.798,413.427,1516.924
300,12.0000,454,205,1686.034,369.381,1045.558
301,12.0400,453,195,1696.084,344.464,648.218
302,12.0800,453,189,1702.084,294.308,52.559
303,12.1200,452,185,1706.207,232.461,-508.907
304,12.1600,451,182,1709.369,127.857,-1427.854
305,12.2000,450,181,1710.783,123.747,-1228.168
306,12.2400,449,180,1712.197,80.569,-1319.474
307,12.2800,451,179,1714.433,61.749,-1162.792
308,12.3200,453,178,1716.670,52.314,-900.735
309,12.3600,455,177,1718.906,47.683,-400.867
310,12.4000,459,180,1723.906,65.612,-290.676
311,12.4400,467,188,1735.219,115.110,172.703
312,12.4800,476,203,1752.712,191.394,648.221
313,12.5200,486,225,1776.878,301.044,1243.647
314,12.5600,490,253,1805.163,431.285,1918.007
315,12.6000,497,278,1831.124,536.092,2352.400
316,12.6400,491,297,1851.049,579.148,2320.192
317,12.6800,483,305,1862.363,548.252,1784.294
318,12.7200,474,301,1872.211,476.666,878.112
319,12.7600,470,294,1880.274,375.556,-278.643
320,12.8000,467,289,1886.105,274.903,-1305.945
321,12.8400,464,282,1893.720,213.358,-1828.951
322,12.8800,464,279,1896.720,171.789,-1882.315
323,12.9200,462,276,1900.326,140.573,-1680.467
324,12.9600,461,271,1905.425,125.756,-1248.997
325,13.0000,460,268,1908.587,112.413,-812.450
326,13.0400,457,266,1912.193,92.362,-604.979
327,13.0800,456,266,1913.193,82.362,-447.136
328,13.1200,456,268,1915.193,74.334,-331.192
329,13.1600,461,270,1920.578,75.765,-249.958
330,13.2000,469,274,1929.522,104.675,-38.691
331,13.2400,478,271,1939.009,134.081,208.597
332,13.2800,485,265,1948.229,175.179,464.085
333,13.3200,489,253,1960.878,228.425,770.452
334,13.3600,490,236,1977.907,286.646,1054.404
335,13.4000,489,224,1989.949,302.132,987.287
336,13.4400,484,215,2000.244,306.176,860.475
337,13.4800,481,208,2007.860,298.157,614.892
338,13.5200,478,206,2011.466,252.940,122.575
339,13.5600,475,203,2015.708,189.006,-488.199
340,13.6000,472,199,2020.708,153.798,-741.672
341,13.6400,471,196,2023.871,118.131,-940.226
342,13.6800,471,195,2024.871,85.052,-1065.526
343,13.7200,472,193,2027.107,78.205,-873.674
344,13.7600,474,192,2029.343,68.172,-604.169
345,13.8000,477,191,2032.505,58.983,-474.073
346,13.8400,482,195,2038.908,75.188,-214.718
347,13.8800,491,206,2053.121,141.251,280.993
348,13.9200,498,226,2074.310,236.019,789.069
349,13.9600,506,249,2098.662,346.596,1392.122
350,14.0000,512,271,2121.466,444.803,1929.096
351,14.0400,513,291,2141.491,512.912,2188.621
352,14.0800,509,306,2157.015,519.469,1891.092
353,14.1200,503,318,2170.431,480.603,1222.923
354,14.1600,498,321,2176.262,388.000,207.019
355,14.2000,491,321,2183.262,308.983,-679.100
356,14.2400,484,320,2190.333,244.213,-1343.494
357,14.2800,482,319,2192.569,177.772,-1708.485
358,14.3200,480,315,2197.041,133.051,-1737.761
359,14.3600,478,310,2202.426,130.822,-1285.890
360,14.4000,473,304,2210.237,134.873,-870.546
361,14.4400,470,298,2216.945,133.059,-555.769
362,14.4800,465,293,2224.016,157.234,-102.692
363,14.5200,466,288,2229.115,160.369,136.587
364,14.5600,466,285,2232.115,148.443,88.103
365,14.6000,467,283,2234.351,120.572,-71.508
366,14.6400,465,281,2237.180,101.173,-159.431
367,14.6800,468,279,2240.785,83.845,-366.944
368,14.7200,469,276,2243.947,74.162,-431.035
369,14.7600,470,277,2245.362,66.233,-411.050
370,14.8000,471,277,2246.362,60.052,-302.597
371,14.8400,472,279,2248.598,57.091,-220.412
372,14.8800,475,281,2252.203,57.091,-133.774
373,14.9200,477,282,2254.439,52.460,-108.511
374,14.9600,481,282,2258.439,65.388,-4.221
375,15.0000,486,277,2265.510,95.744,178.457
376,15.0400,490,271,2272.721,120.619,317.642
377,15.0800,490,259,2284.721,162.591,527.503
378,15.1200,492,242,2301.839,236.997,922.688
379,15.1600,491,226,2317.870,297.153,1158.824
380,15.2000,487,209,2335.334,349.119,1266.876
381,15.2400,479,191,2355.032,411.552,1454.666
382,15.2800,469,174,2374.755,450.168,1437.882
383,15.3200,458,159,2393.356,457.587,1102.948
384,15.3600,449,151,2405.398,437.639,702.427
385,15.4000,439,141,2419.540,421.028,359.545
386,15.4400,430,134,2430.941,379.548,-160.020
387,15.4800,423,133,2438.013,316.288,-669.397
388,15.5200,417,132,2444.095,253.697,-1019.451
389,15.5600,415,130,2446.924,207.631,-1150.039
390,15.6000,414,131,2448.338,143.991,-1385.184
391,15.6400,413,132,2449.752,94.053,-1427.474
392,15.6800,412,132,2450.752,63.698,-1262.950
393,15.7200,414,130,2453.581,47.426,-1031.351
394,15.7600,420,133,2460.289,66.825,-704.027
395,15.8000,434,144,2478.093,148.777,23.928
396,15.8400,447,160,2498.709,244.783,753.649
397,15.8800,465,185,2529.515,393.812,1650.572
398,15.9200,485,212,2563.115,547.673,2501.235
399,15.9600,498,241,2594.896,673.035,3031.047
400,16.0000,507,270,2625.260,735.835,2935.289
401,16.0400,511,283,2638.862,700.764,2279.905
402,16.0800,504,291,2649.492,599.886,1030.367
403,16.1200,497,289,2656.772,468.283,-396.950
404,16.1600,489,283,2666.772,359.381,-1568.269
405,16.2000,482,282,2673.843,242.914,-2464.603
406,16.2400,476,278,2681.054,210.962,-2449.011
407,16.2800,473,275,2685.297,179.025,-2104.306
408,16.3200,470,271,2690.297,167.624,-1503.297
409,16.3600,468,268,2693.902,135.652,-1118.645
410,16.4000,468,266,2695.902,110.296,-663.087
411,16.4400,467,266,2696.902,79.241,-658.606
412,16.4800,464,267,2700.065,73.839,-525.927
413,16.5200,462,268,2702.301,60.019,-538.023
414,16.5600,462,269,2703.301,46.992,-443.300
415,16.6000,465,270,2706.463,52.803,-287.467
416,16.6400,465,272,2708.463,57.803,-107.189
417,16.6800,465,271,2709.463,46.992,-134.237
418,16.7200,466,272,2710.877,42.882,-85.685
419,16.7600,476,271,2720.927,88.132,205.701
420,16.8000,481,267,2727.330,104.336,257.665
421,16.8400,484,262,2733.161,123.491,328.439
422,16.8800,489,254,2742.595,165.661,593.345
423,16.9200,490,238,2758.626,238.746,979.317
424,16.9600,488,220,2776.737,279.050,954.592
425,17.0000,484,202,2795.176,339.230,1174.470
426,17.0400,480,189,2808.778,378.083,1272.959
427,17.0800,473,177,2822.670,400.375,1173.571
428,17.1200,473,177,2822.670,320.219,407.366
429,17.1600,465,167,2835.476,293.696,73.230
430,17.2000,458,158,2846.878,258.510,-403.602
431,17.2400,449,152,2857.695,244.586,-667.486
432,17.2800,447,148,2862.167,197.484,-1014.455
433,17.3200,445,147,2864.403,208.664,-557.773
434,17.3600,444,145,2866.639,155.813,-689.414
435,17.4000,444,146,2867.639,103.805,-773.525
436,17.4400,447,147,2870.801,65.533,-895.264
437,17.4800,454,147,2877.801,78.172,-596.559
438,17.5200,466,155,2892.223,139.103,-347.808
439,17.5600,466,158,2895.223,142.922,-64.455
440,17.6000,479,171,2913.608,229.846,630.208
441,17.6400,496,195,2943.019,361.089,1477.783
442,17.6800,511,219,2971.321,467.599,1947.135
443,17.7200,517,256,3008.804,582.905,2219.010
444,17.7600,525,289,3042.760,737.684,2973.808
445,17.8000,520,309,3063.376,748.838,2594.957
446,17.8400,511,316,3074.778,658.792,1488.514
447,17.8800,504,318,3082.058,553.683,430.419
448,17.9200,498,320,3088.382,397.889,-925.078
449,17.9600,496,319,3090.618,239.290,-2491.969
450,18.0000,491,318,3095.717,161.708,-2935.651
451,18.0400,488,317,3098.880,120.510,-2691.409
452,18.0800,484,319,3103.352,106.470,-2236.063
453,18.1200,480,320,3107.475,95.463,-1512.130
454,18.1600,479,318,3109.711,95.463,-719.135
455,18.2000,481,319,3111.947,81.148,-402.796
456,18.2400,480,320,3113.361,72.408,-240.511
457,18.2800,478,321,3115.597,61.228,-226.213
458,18.3200,478,321,3115.597,40.612,-274.255
459,18.3600,479,321,3116.597,34.432,-305.156
460,18.4000,480,323,3118.833,34.432,-233.583
461,18.4400,481,324,3120.248,34.432,-189.881
462,18.4800,482,326,3122.484,34.432,-133.979
463,18.5200,479,325,3125.646,50.243,48.155
464,18.5600,475,329,3131.303,73.527,195.478
465,18.6000,473,333,3135.775,84.708,251.380
466,18.6400,472,337,3139.898,98.252,319.102
467,18.6800,474,342,3145.283,113.998,397.830
468,18.7200,475,341,3146.697,105.257,275.071
469,18.7600,477,340,3148.933,88.153,73.130
470,18.8000,476,340,3149.933,70.793,-69.575
471,18.8400,479,333,3157.549,88.256,-49.981
472,18.8800,480,318,3172.582,136.497,112.495
473,18.9200,486,297,3194.423,238.627,666.850
474,18.9600,489,277,3214.647,328.566,1202.061
475,19.0000,493,256,3236.024,430.454,1798.304
476,19.0400,496,232,3260.211,513.309,2125.262
477,19.0800,496,213,3279.211,533.142,1983.226
478,19.1200,494,195,3297.322,514.494,1379.335
479,19.1600,488,174,3319.162,522.577,970.057
480,19.2000,483,166,3328.596,462.859,162.029
481,19.2400,484,164,3330.832,353.106,-801.014
482,19.2800,478,159,3338.642,297.157,-1179.925
483,19.3200,475,158,3341.805,222.415,-1460.399
484,19.3600,472,156,3345.410,131.241,-1956.683
485,19.4000,470,155,3347.646,95.251,-1838.041
486,19.4400,469,153,3349.882,95.251,-1289.273
487,19.4800,469,153,3349.882,56.200,-1204.786
488,19.5200,471,153,3351.882,50.388,-860.130
489,19.5600,478,156,3359.498,70.440,-304.005
490,19.6000,491,163,3374.263,133.083,189.161
491,19.6400,505,178,3394.781,224.494,646.217
492,19.6800,519,199,3420.020,350.689,1472.444
493,19.7200,526,224,3445.981,470.496,2100.539
494,19.7600,533,246,3469.068,547.851,2387.059
495,19.8000,532,255,3478.124,519.304,1931.104
496,19.8400,528,260,3484.527,448.728,1121.170
497,19.8800,520,259,3492.589,362.845,60.783
498,19.9200,512,251,3503.903,289.606,-904.450
499,19.9600,504,240,3517.504,242.180,-1528.358
500,20.0000,499,235,3524.575,232.258,-1435.230
501,20.0400,495,230,3530.978,232.258,-1082.351
502,20.0800,494,227,3534.141,207.758,-775.436
503,20.1200,493,223,3538.264,171.805,-589.006
504,20.1600,489,220,3543.264,128.798,-566.909
505,20.2000,487,218,3546.092,107.585,-623.367
506,20.2400,487,219,3547.092,80.569,-758.445
507,20.2800,494,225,3556.312,110.855,-484.514
508,20.3200,507,238,3574.697,182.164,51.793
509,20.3600,517,249,3589.563,231.494,513.481
510,20.4000,519,259,3599.761,268.342,803.787
511,20.4400,508,262,3611.162,320.351,1198.909
512,20.4800,498,260,3621.360,325.243,1071.940
513,20.5200,493,256,3627.764,265.335,415.857
514,20.5600,488,249,3636.366,234.016,12.612
515,20.6000,482,240,3647.183,237.109,-156.163
516,20.6400,474,230,3659.989,244.132,-381.095
517,20.6800,466,221,3672.030,253.350,-359.468
518,20.7200,464,217,3676.503,243.695,-108.202
519,20.7600,466,219,3679.331,214.825,-95.956
520,20.8000,474,228,3691.373,220.950,-80.797
521,20.8400,488,237,3708.016,240.135,-19.983
522,20.8800,499,248,3723.572,257.709,21.797
523,20.9200,501,255,3730.852,271.749,140.271
524,20.9600,494,260,3739.455,300.618,428.966
525,21.0000,484,263,3749.895,292.612,358.310
526,21.0400,478,261,3756.220,241.018,4.414
527,21.0800,474,254,3764.282,203.548,-270.807
528,21.1200,466,240,3780.406,247.770,-119.896
529,21.1600,458,230,3793.213,268.789,-159.145
530,21.2000,450,222,3804.526,273.156,-97.278
531,21.2400,445,217,3811.597,276.889,179.354
532,21.2800,442,213,3816.597,261.578,290.150
533,21.3200,446,217,3822.254,209.239,-192.652
534,21.3600,457,229,3838.533,226.602,-210.936
535,21.4000,475,240,3859.628,275.509,11.762
536,21.4400,490,247,3876.181,322.918,230.146
537,21.4800,492,256,3885.401,344.016,412.191
538,21.5200,486,256,3891.401,345.732,682.461
539,21.5600,480,250,3899.886,306.764,400.809
540,21.6000,473,238,3913.778,270.751,-23.789
541,21.6400,466,227,3926.817,253.178,-348.699
542,21.6800,458,212,3943.817,292.081,-259.676
543,21.7200,448,200,3959.437,340.183,-27.743
544,21.7600,439,188,3974.437,372.757,329.964
545,21.8000,435,181,3982.499,343.606,364.274
546,21.8400,431,175,3989.711,314.469,306.455
547,21.8800,431,174,3990.711,234.469,-288.057
548,21.9200,441,181,4002.917,217.400,-613.918
549,21.9600,459,194,4025.121,253.418,-596.696
550,22.0000,485,212,4056.743,371.220,138.072
551,22.0400,499,231,4080.344,453.169,693.498
552,22.0800,502,245,4094.662,519.758,1426.444
553,22.1200,495,251,4103.882,504.823,1437.117
554,22.1600,490,248,4109.713,422.960,847.711
555,22.2000,489,240,4117.775,305.157,-330.315
556,22.2400,487,226,4131.917,257.864,-976.527
557,22.2800,482,209,4149.637,274.875,-1224.417
558,22.3200,471,194,4168.238,321.782,-915.203
559,22.3600,457,178,4189.498,398.929,-120.153
560,22.4000,444,164,4208.603,454.143,744.927
561,22.4400,433,152,4224.882,464.826,1034.812
562,22.4800,429,145,4232.944,416.537,708.312
563,22.5200,426,141,4237.944,348.532,133.747
564,22.5600,429,140,4241.107,258.042,-704.437
565,22.6000,430,140,4242.107,167.517,-1433.129
566,22.6400,431,142,4244.343,97.303,-1837.615
567,22.6800,431,144,4246.343,66.992,-1747.727
568,22.7200,431,147,4249.343,56.992,-1457.700
569,22.7600,430,149,4251.579,52.361,-1028.405
570,22.8000,429,150,4252.993,54.432,-565.425
571,22.8400,428,152,4255.229,54.432,-214.356
572,22.8800,425,155,4259.472,65.645,-6.734
573,22.9200,422,157,4263.077,68.673,58.405
574,22.9600,419,156,4266.240,73.304,104.715
575,23.0000,419,157,4267.240,71.233,84.005
576,23.0400,419,157,4267.240,60.052,28.103
577,23.0800,418,157,4268.240,43.839,-109.029
578,23.1200,418,157,4268.240,25.811,-214.307
579,23.1600,422,160,4273.240,35.000,-191.519
580,23.2000,432,167,4285.446,91.033,99.000
581,23.2400,448,186,4310.286,215.230,775.889
582,23.2800,465,211,4340.518,361.392,1587.766
583,23.3200,479,236,4369.171,504.658,2394.232
584,23.3600,488,254,4389.296,580.281,2726.405
585,23.4000,491,266,4401.665,581.095,2450.310
586,23.4400,494,270,4406.665,481.897,1333.335
587,23.4800,491,267,4410.908,351.948,-47.220
588,23.5200,493,259,4419.154,249.914,-1273.720
589,23.5600,491,247,4431.320,210.118,-1850.812
590,23.6000,488,233,4445.637,219.861,-1806.169
591,23.6400,483,210,4469.175,312.547,-846.751
592,23.6800,481,193,4486.292,376.920,124.858
593,23.7200,478,180,4499.633,402.397,762.417
594,23.7600,473,174,4507.444,380.621,852.512
595,23.8000,471,170,4511.916,331.392,557.657
596,23.8400,471,172,4513.916,223.706,-444.203
597,23.8800,472,173,4515.330,145.191,-1158.644
598,23.9200,473,173,4516.330,83.483,-1594.571
599,23.9600,480,172,4523.401,79.787,-1504.169
600,24.0000,483,166,4530.109,90.967,-1202.125
601,24.0400,482,162,4534.232,101.583,-610.618
602,24.0800,478,157,4540.636,126.528,-93.319
603,24.1200,476,151,4546.960,153.150,348.336
604,24.1600,475,149,4549.196,128.975,245.941
605,24.2000,474,148,4550.610,102.505,57.690
606,24.2400,475,153,4555.709,107.385,29.010
607,24.2800,478,163,4566.150,127.571,5.217
608,24.3200,482,165,4570.622,118.309,-174.208
609,24.3600,489,181,4588.086,194.450,327.372
610,24.4000,502,207,4617.155,332.723,1151.088
611,24.4400,505,246,4656.270,502.804,1977.095
612,24.4800,498,268,4679.357,566.036,2192.328
613,24.5200,493,274,4687.167,582.727,2322.091
614,24.5600,491,268,4693.492,527.028,1662.894
615,24.6000,494,263,4699.323,410.839,390.579
616,24.6400,496,249,4713.465,285.973,-1084.153
617,24.6800,491,234,4729.276,249.596,-1582.200
618,24.7200,485,216,4748.250,305.413,-1386.567
619,24.7600,486,217,4749.664,280.862,-1230.834
620,24.8000,472,196,4774.903,377.901,-164.688
621,24.8400,458,176,4799.316,429.256,716.414
622,24.8800,446,160,4819.316,450.199,1003.014
623,24.9200,427,143,4844.811,482.806,886.965
624,24.9600,424,140,4849.054,496.949,1080.434
625,25.0000,432,145,4858.488,417.924,200.114
626,25.0400,449,157,4879.296,399.902,-146.772
627,25.0800,472,181,4912.538,466.110,79.552
628,25.1200,492,205,4943.779,494.839,60.163
629,25.1600,493,209,4947.902,494.241,-13.536
630,25.2000,501,235,4975.105,583.086,825.810
631,25.2400,497,256,4996.483,585.931,930.144
632,25.2800,501,271,5012.007,497.344,156.172
633,25.3200,520,282,5033.961,450.911,-219.638
634,25.3600,550,292,5065.584,588.410,470.842
635,25.4000,603,202,5170.030,974.626,1957.698
636,25.4400,600,199,5174.273,888.951,1515.103
